Name,Release date,Download date,Description,Video URL,Views,Likes,Comments
"So yeah, what are you reading?",2025-12-16,2026-01-20,"So yeah, what are you reading?","https://www.tiktok.com/@y2cl.net/video/7584554813610921246",408,23,5
"Its here!! Its finally here!! #funny20 issue 1 is available! Its $2!!...",2024-01-06,2026-01-20,"Its here!! Its finally here!! #funny20 issue 1 is available! Its $2!!! Link in bio! #indiecomics #y2cl #fyp #comicbook #digitalcomics ","https://www.tiktok.com/@y2cl.net/video/7320776008364248362",67,11,1
"Man, these are fun to make but also very stupid. I hope you approciat...",2023-07-26,2026-01-20,"Man, these are fun to make but also very stupid. I hope you approciate them. Also buy the flippin book, this is the first one and by december there will be 10 issues, full 24 pages. #jonlynonly #y2cl #indycomic #humor #CapCut #sillygoose ","https://www.tiktok.com/@y2cl.net/video/7260185502895164714",310,14,7
"New episode of #y2clradio is out! Hear me talk all about being fat an...",2026-01-20,2026-01-20,"New episode of #y2clradio is out! Hear me talk all about being fat and my heart not being nice.  #podcast #y2cl #heartlroblems #takecareofyourself  ","https://www.tiktok.com/@y2cl.net/video/7597490219964730655",117,2,0
"Finished ready #belial.  Reccomend to you pick it up! Thanks to @Inst...",2023-08-07,2026-01-20,"Finished ready #belial.  Reccomend to you pick it up! Thanks to @InstInked Comics  for the fun read.  Aaannnddd for the forsr TikTok shop sale of #eynesanthology! #CapCut #instinkedcomics #indycomics #letsgo ","https://www.tiktok.com/@y2cl.net/video/7264713080716692779",436,14,5
"cover sketch of krampus from #eynesanthology",2020-06-25,2026-01-20,"cover sketch of krampus from #eynesanthology","https://www.tiktok.com/@y2cl.net/video/6842131352700128518",66,6,0
"Seriously, if you own a #comicshop reach out and lrts get #eynesantho...",2023-07-30,2026-01-20,"Seriously, if you own a #comicshop reach out and lrts get #eynesanthology i to your stote.  Everyone else use that button there to buy it here on my #tiktokshop. No, I didnt fart in the begening of the video. #horror #graphicnovel #comic #comicbook #y2cl ","https://www.tiktok.com/@y2cl.net/video/7261413749871971626",693,15,5
"Do finally we did a new episode of @SpoilerCountry for you all to her...",2023-08-01,2026-01-20,"Do finally we did a new episode of @SpoilerCountry for you all to here. Granted we talk mostly about #supernaturalbabydetective and #jonlynonly with a little but about #eynesanthology.  ","https://www.tiktok.com/@y2cl.net/video/7262165366271429931",293,14,2
"Follow @Kenric's Comics for all the infor! This book is gonna be good...",2023-08-25,2026-01-20,"Follow @Kenric's Comics for all the infor! This book is gonna be good! #indiecomic #horror #supernatural #supernaturalbabydetective #sbdcomic ","https://www.tiktok.com/@y2cl.net/video/7271064361957936427",243,10,1
"Should I finish it?",2024-12-13,2026-01-20,"Should I finish it?","https://www.tiktok.com/@y2cl.net/video/7447734769405660447",123,4,0
"cover sketch of jack Eynes from #eynesenthology",2020-06-25,2026-01-20,"cover sketch of jack Eynes from #eynesenthology","https://www.tiktok.com/@y2cl.net/video/6842128432080473349",566,88,1
"Coming soon to the shop here. Let me know if your wear one. #y2cl #ey...",2023-08-27,2026-01-20,"Coming soon to the shop here. Let me know if your wear one. #y2cl #eynesanthology #indiecomic #coolhat #printful #camelot #comicswag ","https://www.tiktok.com/@y2cl.net/video/7272130636331339054",570,10,0
"One of the hardest questions ive ever had to try ans answer.  Please,...",2023-09-09,2026-01-20,"One of the hardest questions ive ever had to try ans answer.  Please, tell me how to do this.  Also, this face tracking camera is dope. #indiecomics #comix #jonlynonly #eynesanthology #facetrackingcamera #tiktokshop #stitchthis #indie #creatorquestion #jefbot #CapCut ","https://www.tiktok.com/@y2cl.net/video/7276914398176873774",300,18,2
"cover sketch of the Skinwalker from #eynesanthokogy",2020-06-25,2026-01-20,"cover sketch of the Skinwalker from #eynesanthokogy","https://www.tiktok.com/@y2cl.net/video/6842130415499627781",451,64,0
"Just got my comics from @InstInked Comics, Belial issues 1, 2, and 3!...",2023-08-06,2026-01-20,"Just got my comics from @InstInked Comics, Belial issues 1, 2, and 3! And some dope stickers! Cant wait to ready them then I’ll do another video to let you know if they are any good, pressure is on my friend!. You should find out for yourself and buy your own. #indycomics #dickandfart #belial #instinkedcomics ","https://www.tiktok.com/@y2cl.net/video/7264062877156511022",618,16,3
"And with a triumphant hurrah, Fresdie returns.  He's sucba. Cute dog....",2023-08-04,2026-01-20,"And with a triumphant hurrah, Fresdie returns.  He's sucba. Cute dog.  #digs #cavapoo #doodles #dogsoftiktok #heasocute ","https://www.tiktok.com/@y2cl.net/video/7263311516873641258",285,29,2
"Quick draw the demon. #eynesanthology",2020-06-26,2026-01-20,"Quick draw the demon. #eynesanthology","https://www.tiktok.com/@y2cl.net/video/6842501847362637061",443,61,0
"You heard that right, Jonly Nonly is funded! We aint dont yet folks, ...",2023-11-17,2026-01-20,"You heard that right, Jonly Nonly is funded! We aint dont yet folks, we got stretch goals! Nothing can stol us now! Make you mom back the book, you dad, tell the guy at the gas statiom about it! Oh yeah, uou can buy a NUDE variant now! #kickstarter #variant #indiecomics #jonlynonly #y2cl #CapCut ","https://www.tiktok.com/@y2cl.net/video/7302475576365894955",883,10,2
"Print copies if issue 2 are in! Theres only 10(for now) they are supe...",2023-08-20,2026-01-20,"Print copies if issue 2 are in! Theres only 10(for now) they are super special and will be for sale soon. #jonlynonly #y2cl #indiecomic #humorcomic #printcomics #orderin ","https://www.tiktok.com/@y2cl.net/video/7269239055575944494",352,14,0
"My favorite part is how it turned Jonly’s cape into Jeffers holding a...",2023-08-03,2026-01-20,"My favorite part is how it turned Jonly’s cape into Jeffers holding a book.  Anyway, order this masterpiece on the link in my bio now! #jonlynonly #indycomics #y2cl #supportindiecomics #comicbook #humor #comedy ","https://www.tiktok.com/@y2cl.net/video/7263131789999263019",293,11,3
"Go to JonlyNonly.com and follow along! This URL wilm also link to the...",2023-10-27,2026-01-20,"Go to JonlyNonly.com and follow along! This URL wilm also link to the campaign once its live. We got a super sweet reward you can only get in the first 48 hours, and it’s limited to $20! #kickstarter #jonlynonly #indiecomics #supportindie #comics #comicbooks #y2cl #buymycomic ","https://www.tiktok.com/@y2cl.net/video/7294469839505116459",323,9,0
"Late night waiting for my son at soccer practice, figured if ask a qu...",2023-09-21,2026-01-20,"Late night waiting for my son at soccer practice, figured if ask a question. #indiecomivs #comics #comix #comicbook #question #creators ","https://www.tiktok.com/@y2cl.net/video/7281146319115144494",976,37,11
"Master Chief #sketchcover for one of the Kickstarter backers. #eynesa...",2020-07-18,2026-01-20,"Master Chief #sketchcover for one of the Kickstarter backers. #eynesanthology","https://www.tiktok.com/@y2cl.net/video/6850896208387624197",192,39,0
"speed ink of an #eynesanthology page. #horrorcomics #inking #speeddra...",2020-06-28,2026-01-20,"speed ink of an #eynesanthology page. #horrorcomics #inking #speeddrawing","https://www.tiktok.com/@y2cl.net/video/6843419072894340358",192,49,2
"Go back it right MEOW! Jonly Nonly, the greatest comic staring Jonly ...",2023-10-31,2026-01-20,"Go back it right MEOW! Jonly Nonly, the greatest comic staring Jonly you've ever read! #kickstarter #indiecomics #jonlynonly #comicbook #crowdfund #comics #CapCut ","https://www.tiktok.com/@y2cl.net/video/7296166509590662442",297,7,1
"Jonly is on Kickstarter! I can promise you there is not another comic...",2023-11-01,2026-01-20,"Jonly is on Kickstarter! I can promise you there is not another comic out there like Jonly. Its a unique comic experience unmatched by anything.  Check it out, back it so we can share this with the world! #kickstarter #indiecomics #jonlynonly #comicbook #crowdfund #comics #CapCut #crowdfunding #comicbooks ","https://www.tiktok.com/@y2cl.net/video/7296518295950298410",288,9,0
"Go push this to funded!! Sbdcomic.com and get a free book! #indiecomi...",2023-09-29,2026-01-20,"Go push this to funded!! Sbdcomic.com and get a free book! #indiecomics #supernatural #kickstarter #crowdfunding #comics #freecomic","https://www.tiktok.com/@y2cl.net/video/7284352368366325034",268,4,0
"TikTok video #7273251955974262062",2023-08-30,2026-01-20,"","https://www.tiktok.com/@y2cl.net/video/7273251955974262062",358,19,0
"This black Friday support indie comics and get The Entnes Anthology f...",2023-11-24,2026-01-20,"This black Friday support indie comics and get The Entnes Anthology for up to 65% off! Click the link down there!! #blackfriday #indiecomics #eynesanthology #indiecomics ","https://www.tiktok.com/@y2cl.net/video/7304979663963704622",298,7,1
"So yeah, ifor this book coking out. Uou shiuld go ore order it, its l...",2023-07-25,2026-01-20,"So yeah, ifor this book coking out. Uou shiuld go ore order it, its like $2. Its funny, i peomise you will laugh at at least ine of the 24 pages. https://y2cl.us/LQSH9i #y2cl #CapCut #jonlynonly #indycomic #humor #imparked #preorder ","https://www.tiktok.com/@y2cl.net/video/7259611983379533098",908,22,22
"Printed Jonly Nonly books!?! How cool is that? They will be availave ...",2023-08-10,2026-01-20,"Printed Jonly Nonly books!?! How cool is that? They will be availave soon, very limited. Theres on 10 of tbis edition! #jonlynonly #y2cl #indiecomics #indie #humor #comedy #moronic@","https://www.tiktok.com/@y2cl.net/video/7265555060363627822",453,14,3
"These journals cane out realky awesome.  They will be availble here s...",2023-08-30,2026-01-20,"These journals cane out realky awesome.  They will be availble here soon, just wanted to show them offa little. #eynesanthology #y2cl #journal #artbook #darkthoughts #indiecomics #horrorcomic #comictok #CapCut ","https://www.tiktok.com/@y2cl.net/video/7273175449000365358",272,6,0
"Got this shirt signed when @Spose was in Seattle last.  Figured it wa...",2023-08-12,2026-01-20,"Got this shirt signed when @Spose was in Seattle last.  Figured it was a good shirt to wear today for my sons Soccer Tourney. #soccer #soccerdad #soccertournament #greatdays ","https://www.tiktok.com/@y2cl.net/video/7266542858637757739",384,11,1
"Hey lookie here! Co creator of the immensly popular #jonlynonly serie...",2023-07-27,2026-01-20,"Hey lookie here! Co creator of the immensly popular #jonlynonly series stops by to share her thoughts! #y2cl #indycomic #sillygoose #cocreator #inthecar #wedidthis ","https://www.tiktok.com/@y2cl.net/video/7260523928546970926",345,16,10
"I love learning the tools and things other creators use. Always helps...",2023-09-09,2026-01-20,"I love learning the tools and things other creators use. Always helps me be better.  No gatekeeping, happy for share the good and bad and the deals ive gotten. #indiecomics #comix #publishing #mixam #greko #kablam #indiecreator #nogatekeeping #shareandsharealike ","https://www.tiktok.com/@y2cl.net/video/7276970277496442158",654,45,7
"Freddy Mercury Kreuger the Cavapoo is full of sass.  #cavapoo #doodle...",2023-07-29,2026-01-20,"Freddy Mercury Kreuger the Cavapoo is full of sass.  #cavapoo #doodles #puppy #dogsoftiktok #mydogscuterthenyourdog ","https://www.tiktok.com/@y2cl.net/video/7261248213611695406",295,28,3
"Replying to @InstInked Comics fun facts all day long with #jonlynonly...",2023-08-05,2026-01-20,"Replying to @InstInked Comics fun facts all day long with #jonlynonly. Go buy it #linkinbio #y2cl #badjoke #indycomics","https://www.tiktok.com/@y2cl.net/video/7263930229989575979",282,12,0
"New #y2clradio is out. Listen to me talk about #magicthegathering lik...",2026-01-13,2026-01-20,"New #y2clradio is out. Listen to me talk about #magicthegathering like I know something.  #mtg #mtgcube #mtgcommander ","https://www.tiktok.com/@y2cl.net/video/7594755290298354975",235,10,2
"Zombie sketch cover by Mile Gordon! #eynesanthology #sketchcover",2020-07-14,2026-01-20,"Zombie sketch cover by Mile Gordon! #eynesanthology #sketchcover","https://www.tiktok.com/@y2cl.net/video/6849466505726381317",183,20,0
"y2cl.net",,2026-01-20,"","https://www.tiktok.com/@y2cl.net",0,0,0
"Still live the way I made this cover. Drew it while watching #theflas...",2023-08-06,2026-01-20,"Still live the way I made this cover. Drew it while watching #theflashcw (i think) I couldnt get it to scan the way i wanted so i took a picture with my phone while Kaylie held in in dromt of one of those old green and gold bankers lamps. Sode note, it came out of the old Silverdale State Bank. Oh yeah, you can buy this book here i. The TikTok shop! #eynesanthology #y2cl #indycomics #horrorcomics #supernatutal #CapCut  ","https://www.tiktok.com/@y2cl.net/video/7264330345498037550",333,11,0
"You can now pick up Eynes Anthology Book One right bere in the TikTok...",2023-07-29,2026-01-20,"You can now pick up Eynes Anthology Book One right bere in the TikTok shop! Just do the thingy below! This is lole no horror comic uoive ever read! Voice iver by @xkendox #eynesanthology #horror #graphicnovel #comic #comicbook #tiktokshopping #y2cl ","https://www.tiktok.com/@y2cl.net/video/7261117142458764590",453,15,1
"#sixfanarts which is your favorite?",2020-06-26,2026-01-20,"#sixfanarts which is your favorite?","https://www.tiktok.com/@y2cl.net/video/6842493794747731205",349,112,3
"Replying to @instinked buy his book.  And buy mine.  His has better a...",2023-08-03,2026-01-20,"Replying to @instinked buy his book.  And buy mine.  His has better art, line has better…uhhh…just buy it. You have to go to the link in my bio to get Jonly Nonly. #jonlynonly #indycomics #y2cl #belile# #supportindiecomics ","https://www.tiktok.com/@y2cl.net/video/7262916156208516395",300,14,2
"Where do you get your ideas? #indiecomics #ideas #storytelling #comic...",2025-07-11,2026-01-20,"Where do you get your ideas? #indiecomics #ideas #storytelling #comics #question ","https://www.tiktok.com/@y2cl.net/video/7525838390877621534",415,10,17
"TikTok video #7263524820162202922",2023-08-04,2026-01-20,"","https://www.tiktok.com/@y2cl.net/video/7263524820162202922",509,13,5
"Coming 11/1/2023 to Kickstarter, Jonly Nonly Collected Book One: Ever...",2023-10-21,2026-01-20,"Coming 11/1/2023 to Kickstarter, Jonly Nonly Collected Book One: Everytbing needs an intro, so why not this? Its a 160 page book collecting the first FIVE issues! Go to jonlynonly.com and click the notify button! Do it now! #CapCut ","https://www.tiktok.com/@y2cl.net/video/7292301191688686894",820,11,0
"Day one of #bumbershoot was epic.  Saw #afi, ate some bomb #pizza, hu...",2023-09-03,2026-01-20,"Day one of #bumbershoot was epic.  Saw #afi, ate some bomb #pizza, hung out with the wofe and kids. #seattlecenter #epic #concert #familytime ","https://www.tiktok.com/@y2cl.net/video/7274741029197188394",567,6,0
"Sighing books #eynesanthology #fyp #foryou #foryoupage",2020-07-15,2026-01-20,"Sighing books #eynesanthology #fyp #foryou #foryoupage","https://www.tiktok.com/@y2cl.net/video/6849506643605081350",197,13,2
"sketch cover of the Golem from #eynesanthology",2020-06-25,2026-01-20,"sketch cover of the Golem from #eynesanthology","https://www.tiktok.com/@y2cl.net/video/6842127342064782598",228,40,0
"Have you picked up your copy? NO?! Well go get it my friend! You won'...",2023-08-02,2026-01-20,"Have you picked up your copy? NO?! Well go get it my friend! You won't be disappointed, cause its amazing.  Just ask @Kenric's Comics #CapCut #jonlynonly #indycomics #y2cl #comicbook #humor #comedy #funnybook #comicshop #buymybook ","https://www.tiktok.com/@y2cl.net/video/7262765765781097774",338,13,2
"TikTok video #7296218773948747051",2023-10-31,2026-01-20,"","https://www.tiktok.com/@y2cl.net/video/7296218773948747051",265,5,0
"Write a little Apple Script to rename and number files. Works pretty ...",2025-03-17,2026-01-20,"Write a little Apple Script to rename and number files. Works pretty well. It’s on my GitHub, link in that one place. #applescript #github #imnotaprogamer ","https://www.tiktok.com/@y2cl.net/video/7482881905050930463",1278,30,10
"We did it! All the #jonlynonly books are in and we sat and signed the...",2024-02-26,2026-01-20,"We did it! All the #jonlynonly books are in and we sat and signed them all! Everyone who supported us on the #kickstarter your books have been mailed out! #indiecomics #spoilerverse #y2cl #indiecomics #variantcovers #fyp #variant ","https://www.tiktok.com/@y2cl.net/video/7339699697306651947",905,18,2
"cover sketch of Agnes from #eynesanthology",2020-06-25,2026-01-20,"cover sketch of Agnes from #eynesanthology","https://www.tiktok.com/@y2cl.net/video/6842125759620943109",426,69,2
"Professional level content and more, right here.  #dadjokes #grandcou...",2023-07-27,2026-01-20,"Professional level content and more, right here.  #dadjokes #grandcouleedam #lolz #thisisdumb ","https://www.tiktok.com/@y2cl.net/video/7260295970095762734",308,19,9
"Jonly and the crew give you a table read of the first page of Jonly N...",2023-11-02,2026-01-20,"Jonly and the crew give you a table read of the first page of Jonly Nonly! How awesome is that? We should do a full reading of the entire thing! With voices and sound effects! Does anyone want that? Just me? ok. #kickstarter #jonlynonly #crowdfunding #y2cl #indiecomics #adhd #fundmyproject #comicbooks #humor #webcomics #comedy","https://www.tiktok.com/@y2cl.net/video/7296911889433365803",300,9,0
"Everytime I see old pictures I'm shooketh. #CapCut #greenscreen #Weig...",2023-08-28,2026-01-20,"Everytime I see old pictures I'm shooketh. #CapCut #greenscreen #WeightLossJourney ","https://www.tiktok.com/@y2cl.net/video/7272402077156969770",352,16,5
"Todays the day! The Jonly Nonly #kickstarter comes to an end! Of you ...",2023-12-06,2026-01-20,"Todays the day! The Jonly Nonly #kickstarter comes to an end! Of you havnt yet please go back it! I REALLY want to hit the $1,500 stretch goal!#letadothis #indiecomics #lastday #jonlynonly #y2cl #comicbook #crowdfunding #CapCut ","https://www.tiktok.com/@y2cl.net/video/7309556306627661098",856,15,4
"Walking to my daughets cheer game, figured id ask a question. #questi...",2023-10-07,2026-01-20,"Walking to my daughets cheer game, figured id ask a question. #question #sdcc #greenlantern #martnodel #stanlee #creator #meetngreet ","https://www.tiktok.com/@y2cl.net/video/7287227330441973038",943,35,8
"Oh hey there, just a #jonlynonly shirt hanging out outside relaxing. ...",2023-08-14,2026-01-20,"Oh hey there, just a #jonlynonly shirt hanging out outside relaxing.  Take me home today! #y2cl #shirt #logoshirt #indiecomic #humorcomic #TeeTime #fashionfinds #TrendyThreads #TikTokTees #ShopLocal","https://www.tiktok.com/@y2cl.net/video/7266996015142653227",463,20,0
"Speed digital paiding of the first page of the #eynesanthology book. ...",2020-06-29,2026-01-20,"Speed digital paiding of the first page of the #eynesanthology book. do you want to see more process videos like this? #horrorcokics #procreate","https://www.tiktok.com/@y2cl.net/video/6843612758404091142",159,36,6
"This page of #supernaturalbabydetective was so fun, but not my favori...",2023-08-08,2026-01-20,"This page of #supernaturalbabydetective was so fun, but not my favorite from the book. Kickstarter planned in the near future, follor @Kenric's Comics for all the updates! #horror #horrorcomics #sbdcomic #indycomics #supernatural #CapCut ","https://www.tiktok.com/@y2cl.net/video/7265092819331829038",372,11,2
"Happy Birthday mang! @Kenric's Comics ",2023-08-05,2026-01-20,"Happy Birthday mang! @Kenric's Comics ","https://www.tiktok.com/@y2cl.net/video/7263913140272909610",327,14,7
"I have so many fun facts.  I shiuld do more, right? #funfacts #dumbjo...",2023-08-07,2026-01-20,"I have so many fun facts.  I shiuld do more, right? #funfacts #dumbjokes #dadjokes #geography #youmightlearnsomething ","https://www.tiktok.com/@y2cl.net/video/7264373398401240363",299,16,2
"This one…my lord.  How did it go from Camelot to overly obbsessed gir...",2023-08-04,2026-01-20,"This one…my lord.  How did it go from Camelot to overly obbsessed girlfriend? I guess it kinda works.  Wanna know why? Buy the book with that shop button! #eynesanthology #y2cl #tiktokshop #buynow #overlyobsessedgirlfriend ","https://www.tiktok.com/@y2cl.net/video/7263583991633022250",419,9,3
"New episode of podcast where I talk to myself is out! #y2clradio I ta...",2026-01-05,2026-01-20,"New episode of podcast where I talk to myself is out! #y2clradio I talk all about my love for #douglasadams and #hithhikersguidetothegalaxy ","https://www.tiktok.com/@y2cl.net/video/7591962933450525983",451,16,0
"The floppies for #jonlynonly are in! Lets look at them! #spoilerverse...",2024-01-24,2026-01-20,"The floppies for #jonlynonly are in! Lets look at them! #spoilerverse #y2cl #kickstarter #indiecomics #variantcovers #booksarein ","https://www.tiktok.com/@y2cl.net/video/7327724291108359470",877,18,1
"cover sketch from Gordon Eynes from #eynesanthology",2020-06-25,2026-01-20,"cover sketch from Gordon Eynes from #eynesanthology","https://www.tiktok.com/@y2cl.net/video/6842129690744851717",409,125,1
"TikTok video #7274625769559674154",2023-09-03,2026-01-20,"","https://www.tiktok.com/@y2cl.net/video/7274625769559674154",261,1,0
"What? You can buy #jonlynonly today on my y2cl.net site? Do cool! Rel...",2023-07-31,2026-01-20,"What? You can buy #jonlynonly today on my y2cl.net site? Do cool! Releasing everywhere else 8/2/2023! #indycomics #y2cl #comicbook #humor #comedy #funnybook ","https://www.tiktok.com/@y2cl.net/video/7262046907487538478",278,9,1
"Coming 8/2/2023…the epic adventure of these guys.  Get more quality j...",2023-07-25,2026-01-20,"Coming 8/2/2023…the epic adventure of these guys.  Get more quality jokes likes this when you preorder the book!  #jonlynonly #y2cl #indycomic #humor ","https://www.tiktok.com/@y2cl.net/video/7259905347551251755",269,10,9
"Little photo montage of my life and me at Grand Coulee Dam. So much f...",2023-07-27,2026-01-20,"Little photo montage of my life and me at Grand Coulee Dam. So much fun. #grandcouleedam #supermanpose #loveofmylife #shesprettierthanme ","https://www.tiktok.com/@y2cl.net/video/7260635120485272874",246,14,4
"Sadly for to traffic we missed@Sum 41 and only heard part of @Simple ...",2023-08-02,2026-01-20,"Sadly for to traffic we missed@Sum 41 and only heard part of @Simple Plan, but what we heard was great. @The Offspring we're amazing as he. Bought some t shirts, rocked out. Took our two youngest kids and they had a blast.  #CapCut #punkshow #offspring #whiteriver ","https://www.tiktok.com/@y2cl.net/video/7262635356359593258",308,13,9
"I enjoyed doing sketch cards.  I should do more.  Maybe I'll do some ...",2023-08-29,2026-01-20,"I enjoyed doing sketch cards.  I should do more.  Maybe I'll do some of a certain detective thats a baby. #CapCut #y2cl #sketchcards #sketchcard #indiecomic #ink #superbaturalbabydetective ","https://www.tiktok.com/@y2cl.net/video/7272804088100818218",342,12,2
"It's live!!! @Kenric's Comics labor of love is love on #kickstarter a...",2023-09-12,2026-01-20,"It's live!!! @Kenric's Comics labor of love is love on #kickstarter and ready for your backing! There's some awesome rewards. Go back it right meow! #sbd #indiecomic #supernaturalbabydetective #crowdfund #rewards #comicbooks #supernatural #horrorcomics #deepone #cthuhlu #CapCut ","https://www.tiktok.com/@y2cl.net/video/7278021357932170539",357,18,2
"For the longest time I thought my sister made this up, but nope. Mom ...",2023-08-04,2026-01-20,"For the longest time I thought my sister made this up, but nope. Mom says it was me.  I so clever. #superman#badjoke #dadjokes #myfirstjkoke #doiusetoomanyeffects #doesanyonereadthehashtags  #CapCut ","https://www.tiktok.com/@y2cl.net/video/7263276610399276330",313,17,2
"Meet Freddie the Cavapoo and Bennie the Golden Doodle.  Better know a...",2023-07-28,2026-01-20,"Meet Freddie the Cavapoo and Bennie the Golden Doodle.  Better know as The Doodle Gang, or the Doods, around our house. #cavapoo #goldendoodle #doodles #puppy #dogsoftiktok #mydigscuterthenyourdog ","https://www.tiktok.com/@y2cl.net/video/7261017088460983595",73,7,2
"TikTok video #7295579196812823851",2023-10-30,2026-01-20,"","https://www.tiktok.com/@y2cl.net/video/7295579196812823851",342,12,4
"Order the greatest Christmas comic in August ever! 100% guaranteed to...",2023-08-11,2026-01-20,"Order the greatest Christmas comic in August ever! 100% guaranteed to make you laugh at least once, or your money back! https://y2cl.us/KtkXjb #jonlynonly #y2cl #indiecomics #indie #humor #comedy #preorder ","https://www.tiktok.com/@y2cl.net/video/7266129485785910570",306,12,0
"This is legit one of my most favoritist jokes I’ve ever done. I have ...",2023-09-01,2026-01-20,"This is legit one of my most favoritist jokes I’ve ever done. I have a book coking iut sometime in 2024 called the Funny Twenty. Collecting the funniest (according to me) from comics I’ve done over the last 20 years. Wanna see more?  #y2cl #avgs #watchmen #rorschach #humor #parody #pottyhumor #CapCut ","https://www.tiktok.com/@y2cl.net/video/7273672582921211178",371,17,0
"Replying to @Celina Hernandez ",2023-09-21,2026-01-20,"Replying to @Celina Hernandez ","https://www.tiktok.com/@y2cl.net/video/7281288894962781482",332,12,0
"Tell me how, #forscience #indiacomics #webcomics #howtopromote",2025-07-12,2026-01-20,"Tell me how, #forscience #indiacomics #webcomics #howtopromote","https://www.tiktok.com/@y2cl.net/video/7526251149788319006",864,14,6
"Buy it here ok tiktok, I'll do a slew Cu for free like this one.  You...",2023-09-21,2026-01-20,"Buy it here ok tiktok, I'll do a slew Cu for free like this one.  You know you wanna! #eynesanthology #y2cl #sketchcover #tiktokshop #horrorcomic #horror #supernatural #sketch #originalart #CapCut ","https://www.tiktok.com/@y2cl.net/video/7281304423739985194",328,13,0
"some comics hope you like them #comics #supergirl #teentitans #superm...",2020-06-27,2026-01-20,"some comics hope you like them #comics #supergirl #teentitans #superman #superboy","https://www.tiktok.com/@y2cl.net/video/6842877963654958342",679,16,1
"I is plumber. #homeimprovement #plumbing #kitchensink #undermountsink...",2023-11-07,2026-01-20,"I is plumber. #homeimprovement #plumbing #kitchensink #undermountsink #carjack #floorjack #ididthis #righttools ","https://www.tiktok.com/@y2cl.net/video/7298844796183924011",1221,12,1
"I am curious to know what it is for you. #creator #indiecomics #answe...",2023-09-01,2026-01-20,"I am curious to know what it is for you. #creator #indiecomics #answerthis #questionforyou #comicbooks ","https://www.tiktok.com/@y2cl.net/video/7273944694760115502",370,19,7
"Get notified!!! Jonly Nonly hits Kickstarter 10/31!  You do not want ...",2023-10-30,2026-01-20,"Get notified!!! Jonly Nonly hits Kickstarter 10/31!  You do not want to miss this! #kickstarter #jonlynonly #crowdfunding #comicbooks #indiecomics #y2cl #buymycomic #variantcover ","https://www.tiktok.com/@y2cl.net/video/7295649605159570730",328,11,0